date,active_instances
2025-01-24,660
2025-01-25,684
2025-01-26,707
2025-01-27,687
2025-01-28,671
2025-01-29,690
2025-01-30,671
2025-01-31,653
2025-02-01,691
2025-02-02,742
2025-02-03,725
2025-02-04,784
2025-02-05,828
2025-02-06,767
2025-02-07,655
2025-02-08,685
2025-02-09,736
2025-02-10,794
2025-02-11,738
2025-02-12,718
2025-02-13,719
2025-02-14,665
2025-02-15,611
2025-02-16,773
2025-02-17,792
2025-02-18,768
2025-02-19,730
2025-02-20,774
2025-02-21,689
2025-02-22,670
2025-02-23,761
2025-02-24,866
2025-02-25,874
2025-02-26,830
2025-02-27,797
2025-02-28,718
2025-03-01,767
2025-03-02,820
2025-03-03,807
2025-03-04,783
2025-03-05,753
2025-03-06,806
2025-03-07,699
2025-03-08,769
2025-03-09,896
2025-03-10,829
2025-03-11,827
2025-03-12,765
2025-03-13,725
2025-03-14,657
2025-03-15,684
2025-03-16,761
2025-03-17,782
2025-03-18,831
2025-03-19,776
2025-03-20,764
2025-03-21,693
2025-03-22,699
2025-03-23,847
2025-03-24,841
2025-03-25,829
2025-03-26,766
2025-03-27,828
2025-03-28,737
2025-03-29,758
2025-03-30,773
2025-03-31,756
2025-04-01,800
2025-04-02,776
2025-04-03,805
2025-04-04,714
2025-04-05,795
2025-04-06,880
2025-04-07,803
2025-04-08,885
2025-04-09,883
2025-04-10,814
2025-04-11,770
2025-04-12,739
2025-04-13,732
2025-04-14,733
2025-04-15,734
2025-04-16,765
2025-04-17,787
2025-04-18,721
2025-04-19,741
2025-04-20,843
2025-04-21,872
2025-04-22,854
2025-04-23,840
2025-04-24,817
2025-04-25,763
2025-04-26,755
2025-04-27,834
2025-04-28,777
2025-04-29,879
2025-04-30,822
2025-05-01,803
2025-05-02,694
2025-05-03,671
2025-05-04,761
2025-05-05,842
2025-05-06,812
2025-05-07,854
2025-05-08,826
2025-05-09,755
2025-05-10,730
2025-05-11,831
2025-05-12,833
2025-05-13,784
2025-05-14,807
2025-05-15,774
2025-05-16,724
2025-05-17,753
2025-05-18,809
2025-05-19,766
2025-05-20,841
2025-05-21,898
2025-05-22,935
2025-05-23,745
2025-05-24,760
2025-05-25,909
2025-05-26,947
2025-05-27,946
2025-05-28,966
2025-05-29,1004
2025-05-30,905
2025-05-31,834
2025-06-01,907
2025-06-02,978
2025-06-03,980
2025-06-04,971
2025-06-05,841
2025-06-06,700
2025-06-07,707
2025-06-08,889
2025-06-09,886
2025-06-10,882
2025-06-11,830
2025-06-12,979
2025-06-13,735
2025-06-14,751
2025-06-15,858
2025-06-16,735
2025-06-17,700
2025-06-18,662
2025-06-19,772
2025-06-20,630
2025-06-21,759
2025-06-22,809
2025-06-23,683
2025-06-24,782
2025-06-25,671
2025-06-26,669
2025-06-27,623
2025-06-28,620
2025-06-29,717
2025-06-30,670
2025-07-01,785
2025-07-02,646
2025-07-03,680
2025-07-04,596
2025-07-05,651
2025-07-06,641
2025-07-07,655
2025-07-08,737
2025-07-09,712
2025-07-10,786
2025-07-11,672
2025-07-12,655
2025-07-13,749
2025-07-14,742
2025-07-15,883
2025-07-16,763
2025-07-17,729
2025-07-18,665
2025-07-19,703
2025-07-20,738
2025-07-21,799
2025-07-22,773
2025-07-23,797
2025-07-24,772
2025-07-25,689
2025-07-26,671
2025-07-27,1396
2025-07-28,2200
2025-07-29,2011
2025-07-30,818
2025-07-31,838
2025-08-01,728
2025-08-02,696
2025-08-03,905
2025-08-04,837
2025-08-05,1127
2025-08-06,1069
2025-08-07,884
2025-08-08,826
2025-08-09,813
2025-08-10,1336
2025-08-11,1153
2025-08-12,974
2025-08-13,1171
2025-08-14,959
2025-08-15,792
2025-08-16,780
2025-08-17,975
2025-08-18,1127
2025-08-19,1061
2025-08-20,960
2025-08-21,883
2025-08-22,811
2025-08-23,927
2025-08-24,996
2025-08-25,892
2025-08-26,981
2025-08-27,877
2025-08-28,1051
2025-08-29,845
2025-08-30,783
2025-08-31,1118
2025-09-01,1105
2025-09-02,829
2025-09-03,973
2025-09-04,1002
2025-09-05,895
2025-09-06,853
2025-09-07,1038
2025-09-08,1091
2025-09-09,1091
2025-09-10,1203
2025-09-11,929
2025-09-12,985
2025-09-13,1030
2025-09-14,878
2025-09-15,1016
2025-09-16,915
2025-09-17,941
2025-09-18,989
2025-09-19,829
2025-09-20,971
2025-09-21,1405
2025-09-22,1240
2025-09-23,1185
2025-09-24,1089
2025-09-25,1391
2025-09-26,863
2025-09-27,944
2025-09-28,1034
2025-09-29,1223
2025-09-30,1105
2025-10-01,1198
2025-10-02,1153
2025-10-03,773
2025-10-04,904
2025-10-05,1193
2025-10-06,1068
2025-10-07,1058
2025-10-08,1125
2025-10-09,1535
2025-10-10,1249
2025-10-11,896
2025-10-12,941
2025-10-13,1019
2025-10-14,1090
2025-10-15,1195
2025-10-16,1113
2025-10-17,821
2025-10-18,812
2025-10-19,903
2025-10-20,982
2025-10-21,1054
2025-10-22,956
2025-10-23,942
2025-10-24,899
2025-10-25,961
2025-10-26,1052
2025-10-27,1356
2025-10-28,1005
2025-10-29,1070
2025-10-30,823
2025-10-31,735
2025-11-01,752
2025-11-02,1028
2025-11-03,1319
2025-11-04,998
2025-11-05,1029
2025-11-06,1217
2025-11-07,899
2025-11-08,905
2025-11-09,1128
2025-11-10,1301
2025-11-11,1190
2025-11-12,977
2025-11-13,1191
2025-11-14,999
2025-11-15,994
2025-11-16,1085
2025-11-17,861
2025-11-18,896
2025-11-19,913
2025-11-20,1070
2025-11-21,735
2025-11-22,761
2025-11-23,932
2025-11-24,987
2025-11-25,857
2025-11-26,882
2025-11-27,1000
2025-11-28,753
2025-11-29,789
2025-11-30,1014
2025-12-01,861
2025-12-02,869
2025-12-03,799
2025-12-04,908
2025-12-05,771
2025-12-06,783
2025-12-07,780
2025-12-08,820
2025-12-09,1055
2025-12-10,1137
2025-12-11,1026
2025-12-12,759
2025-12-13,787
2025-12-14,1181
2025-12-15,1105
2025-12-16,1023
2025-12-17,1083
2025-12-18,1001
2025-12-19,697
2025-12-20,731
2025-12-21,947
2025-12-22,988
2025-12-23,864
2025-12-24,718
2025-12-25,756
2025-12-26,718
2025-12-27,652
2025-12-28,912
2025-12-29,766
2025-12-30,754
2025-12-31,708
2026-01-01,782
2026-01-02,739
2026-01-03,778
2026-01-04,907
2026-01-05,1021
2026-01-06,836
2026-01-07,869
2026-01-08,832
2026-01-09,711
2026-01-10,740
2026-01-11,818
2026-01-12,900
2026-01-13,1070
2026-01-14,855
2026-01-15,831
2026-01-16,691
2026-01-17,732
2026-01-18,828
2026-01-19,1019
2026-01-20,830
2026-01-21,817
2026-01-22,854
2026-01-23,738
2026-01-24,842
2026-01-25,897
2026-01-26,877
2026-01-27,818
2026-01-28,923
2026-01-29,913
2026-01-30,833
2026-01-31,833
2026-02-01,1101
2026-02-02,881
2026-02-03,995
2026-02-04,1129
2026-02-05,1193
2026-02-06,733
2026-02-07,698
2026-02-08,800
2026-02-09,845
2026-02-10,967
2026-02-11,986
2026-02-12,868
2026-02-13,814
2026-02-14,847
2026-02-15,1020
2026-02-16,1061
2026-02-17,772
2026-02-18,958
2026-02-19,954
2026-02-20,725
2026-02-21,747
2026-02-22,870
2026-02-23,955
2026-02-24,1222
2026-02-25,1207
2026-02-26,1181
2026-02-27,870
2026-02-28,944
2026-03-01,1151
2026-03-02,863
2026-03-03,968
2026-03-04,854
2026-03-05,878
2026-03-06,703
2026-03-07,710
2026-03-08,857
2026-03-09,855
2026-03-10,851
2026-03-11,914
2026-03-12,1225
2026-03-13,827
2026-03-14,844
2026-03-15,1075
2026-03-16,894
