instance_id,volume_usdt
51c3301083aacd1c10c7fc484ebd6024a959a9cc,2984201110.043917
ff03659bff0f8a33734abd1c3b846aac5a95fd78,2577572701.865100
87ddeaafdaafff4fb7c0b7a547ac176321c17c89,2463557695.326607
60b1a538737e9622cd6dacafc41bfc86ccc8ed79,1601826157.684117
b15abf1675d131ca20c73ce6894341d1651bb7c1,1346720555.051859
91e9c2729987773864a9d5468305ecd9b7cce226,1313004044.519796
04e72149b02935d55a6ed0d8a83dd1a400fcd185,1232091023.262903
a2b3fc4bf2f6238f91727c54dd65279751db198d,1155589210.137249
49270aba75073c14996bef0fa0203a8778388ec6,1100066186.373627
aa3079b1c5bce3bed0e40eedfb84c822e58ba342,525314866.350714
bfdbc360de74290feb6f1e0d59a9218e0275fefa,460044675.150153
4ccc3cccde838d5c10f56d14081add6ef980c722,430810245.952866
maker-fleet,425692658.048830
bmu_futures_btc_usdt_maker_2-20260105-0925,417255223.996303
4f09591bbfcef3ff4b99409b5b22d9a08f7861b2,341374680.775834
22fccba0cb5c3ecc9c00c42826260ce13d6adfe3,328240457.989324
0da678df72a94446259bb6d06e7cc3a6def6f0a0,323730254.154709
paxarsprodv2,321461859.984236
f8027c95f427bd904670e46b4804e5822da71ece,297151738.182908
1214644d01c84787752e2dde20814afde1f5d28a,278490998.410532
d7a615b0dc4dc3db86052995fa376b1567de61e5,270209207.288226
d6f9c4959ccb3ee83ef87f8ca733161edc45d312,267167574.655775
7f69cea80b5f1967efc221068a0051739aceb918,248727217.232594
ab255f66805305a8af4d371216b90ba58008a6b8,239560322.505493
32586ad6a54d4a32b226daa1a8a58a3e319b4c70,237548897.120218
bmu_futures_btc_usdt_maker_1-20260105-0925,234489832.094700
183ccb82d23dc1f02969cf31a37b3a85c98d1dc5,221111320.036413
2e19713a6872720bf71b65674542f4088a85de65,220300805.191710
526a12f7adb444271b5e15c1481cac5b2351c693,199287116.074303
9ceff1f5e5510b9656738822526b718148bcbcd9,198570813.160805
22c83da3b02704ca687398a510723a3e3352d6b7,189401663.170739
920b0e994e991c435dbb1a9c44afdff3f4a693b3,174444642.091986
f472728c33eea428b749bc13ef010f8f6e1795fe,171944854.905353
c005d8274ecc12765065c1a0e1b357c7217bdf18,165708419.088369
0455382cc659b3ad1ad6588b514a6f7b0cac6b08,145493631.629800
hummingbot-pm-arb-test-2026.03.01_19.23,144741420.391564
b90143a6da63c9e794ed176b58e513299718ded5,140048643.082412
hummingbot-btc-2025.03.10_09.45,138210797.135548
24be2c33b9482c8c3480457a9cd4805ba6da3b45,133554768.600770
f0b59b1fcbe8f6420485b19e376e59e460ab070d,112366757.725853
f1b3573f3f08892b151c067898b1f15c614c2363,109799842.577936
8b78b84406afd31bfae8795a9a534acc6f05bf96,107572966.737434
hummingbot-pm-arb-v11-2026.03.13b,106128066.739202
3901c78295713fae21bfb50307e5e37ef8f2ca39,104899219.790420
btc600wu202510181933-20251018-1135,103839498.158310
btc_600w_20251017_1225-20251017-0426,99059625.691240
5b1d3ffca5b51ef5ae03ca30cef029db2fc10172,94086064.214691
d112291e17dfd7828a4c5fb8311241e2e780748c,94002455.488524
872e4450ceb90e1869dd7039fc67860ef1179958,91541464.150272
295975418838768ae2700743bc433d6fd76069c2,86493489.084266
cbca8278d0e35c67b0400ac395b93132d88bc29c,81816703.662248
fd603f1f4fbd7754ee2e9bfa12ee73c3f4302364,77182908.367617
e78543859c9935e9d0fdd55513a757fdde3ae33c,76359133.853003
987d7dd8de58f2e1a60ceaf487be576e6366fd38,74129534.374411
e5cd881c431ac454ad6af7479dc5e8872d923be3,73201749.827620
7ba648b279c810ccfb0650e78a06a58b935db5ea,71985427.060343
f72d1d0577c65140ebc88858be710fcee50bd424,71164355.103885
279a725803778ed6b04c9ad44303b938184f1652,70104776.956539
hummingbot-pm-arb-test-2026.03.01_14.16,67029274.259307
dead48e3b9e031f3b9b0676d1811e6c0ddbdf222,64828903.178892
d4eb22caed0ddc4c11d3c3069e28b95879e2c49c,62118600.623460
43227c678b2d43f4d75cdeefcc8d6935f51e8433,61976219.897409
node4-9,60191946.038710
85ea0de55bb1d51f6e5cb89164458e174e617135,58508073.870277
fef09a34f6925223e22bf504fef7ab17265a74c7,57933164.873294
254e596d9ade49b1c210a4a9a75713b70867807e,57179558.765710
bmu_futures_btc_usdt_maker_2-20251226-0606,56998346.897700
e1152ee836f43a378f153ce375b942b31b6c1953,56338908.393091
0f6160a3f0ed59e9fc48f610fecc754958c7f225,56137216.001032
01e15fea25594070f043df20a18ba14bc98f823a,55955048.886949
2b59fafa6569013630b1bf7b1793df5fc9febca0,55954157.565535
60abee1500f14eb7cbf7c3599c3246d0a19ab493,55301447.795683
hummingbot-pm-arb-test-006-2026.02.28_22.33,54738339.126244
b903eb8249116f8a737b05f1a6e6ce216d424d4f,54600545.357981
bd9c2deb2de8a56931fc8ea99fea08ad5ed7a481,52134579.392329
hummingbot-pm-arb-test-2026.03.01_04.38,52037989.171487
1e0c06f44a65c3e7c15f7665dc9c31f2f2c8e044,51756128.000000
bmu_futures_btc_usdt_maker_2-20251231-0219,49341395.451100
1d4c70ed77ae772f4f22e0723890fff733e872ee,48145631.964057
1fa6b4d8a9cad254da3d398d4551c86ab34704e0,47273262.715467
576f2a7ba8fdb1cef4d8a8c08ea21f08a7e507cd,44715773.902925
36d42d16461e8ab22396da5367a5753c9fe1aad5,44699509.941063
node4-7,44143364.728574
4bd6ea3e8caa0d93401ba4b968e8d8b507142bb3,43543095.128893
bcecbc5a58f42398ea6a30b0db9f6eb1e9d1ef13,43041229.138795
cd8e0937899701f5764d4fdd310764c9fbf943c4,42840588.929667
657161332cb5f28f12d558756f2716423f87a368,42440061.807380
bbe0f24bf5fd45c782f213477283b7b7b3419b37,42335430.871116
ab2ac7029a71d9228bd3c9698cdbfda72beaf7b2,41943567.128067
3ba48afa8b8d23a2dd8cde693747d68a9e28c5b4,41619849.852740
f651d780d18cdb84141641a9ef9ce4df542df65a,40648526.766570
eth202510250759-20251025-0000,39912567.163390
255750be181a2876833550af40e241c387bc01aa,39831981.779826
9a0d771ea5ac448a24657249645e4166cba7be36,39062408.650925
921ce9777fa73ca57333f4adaf635c83daa20db1,38857509.935719
92bc8f084f82c5bd4fed1f75006cb6fa14f6f152,38593946.502597
c2ae693f5d3d7c449312458b1f01c912a55af52e,38235313.987080
instance-045,38228730.116775
39069bada821cce92e7b3455301852213dcc0f85,38124859.725953
56f20459017b45dcb279f34cd4a19bbead378522,37957403.537217
(others),9092333813.380816
